{"cameraMode":{"drawMode":0,"name":"Shaded","section":"Shading Mode"},"sceneLighting":false,"audioPlay":false,"sceneViewState":{"showFog":true,"showMaterialUpdate":true,"showSkybox":true,"showFlares":true,"showImageEffects":true,"showParticleSystems":true},"in2DMode":false,"pivot":{"x":-8.528194427490235,"y":1.7967700958251954,"z":-0.8585929870605469},"rotation":{"x":-0.26913970708847048,"y":-0.2514190077781677,"z":0.07300817221403122,"w":-0.9268344640731812},"size":22.0,"orthographic":false}