{"cameraMode":{"drawMode":0,"name":"Shaded","section":"Shading Mode"},"sceneLighting":true,"audioPlay":false,"sceneViewState":{"showFog":true,"showMaterialUpdate":true,"showSkybox":true,"showFlares":true,"showImageEffects":true,"showParticleSystems":true},"in2DMode":false,"pivot":{"x":0.3017888069152832,"y":39.057735443115237,"z":-36.870906829833987},"rotation":{"x":-0.2673053741455078,"y":0.011875638738274575,"z":-0.003294779220595956,"w":-0.9635331034660339},"size":70.13736724853516,"orthographic":false}